{
  "best_metric": 0.03882623836398125,
  "best_model_checkpoint": "./LDST_MULTIWOZ24_0513/checkpoint-3200",
  "epoch": 1.8957696936036286,
  "eval_steps": 200,
  "global_step": 3200,
  "is_hyper_param_search": false,
  "is_local_process_zero": true,
  "is_world_process_zero": true,
  "log_history": [
    {
      "epoch": 0.0059242802925113395,
      "grad_norm": 4.526339530944824,
      "learning_rate": 2.9999999999999997e-05,
      "loss": 1.9438,
      "step": 10
    },
    {
      "epoch": 0.011848560585022679,
      "grad_norm": 4.762298107147217,
      "learning_rate": 5.9999999999999995e-05,
      "loss": 2.6931,
      "step": 20
    },
    {
      "epoch": 0.01777284087753402,
      "grad_norm": 6.4739789962768555,
      "learning_rate": 8.999999999999999e-05,
      "loss": 1.6401,
      "step": 30
    },
    {
      "epoch": 0.023697121170045358,
      "grad_norm": 2.747018814086914,
      "learning_rate": 0.00011999999999999999,
      "loss": 0.6174,
      "step": 40
    },
    {
      "epoch": 0.029621401462556696,
      "grad_norm": 1.4579774141311646,
      "learning_rate": 0.00015,
      "loss": 0.26,
      "step": 50
    },
    {
      "epoch": 0.03554568175506804,
      "grad_norm": 2.871708393096924,
      "learning_rate": 0.00017999999999999998,
      "loss": 1.3064,
      "step": 60
    },
    {
      "epoch": 0.04146996204757938,
      "grad_norm": 1.248375654220581,
      "learning_rate": 0.00020999999999999998,
      "loss": 0.2509,
      "step": 70
    },
    {
      "epoch": 0.047394242340090716,
      "grad_norm": 2.0617778301239014,
      "learning_rate": 0.00023999999999999998,
      "loss": 0.1505,
      "step": 80
    },
    {
      "epoch": 0.053318522632602054,
      "grad_norm": 0.8860130310058594,
      "learning_rate": 0.00027,
      "loss": 0.1089,
      "step": 90
    },
    {
      "epoch": 0.05924280292511339,
      "grad_norm": 1.01383638381958,
      "learning_rate": 0.0003,
      "loss": 0.066,
      "step": 100
    },
    {
      "epoch": 0.06516708321762474,
      "grad_norm": 1.5693572759628296,
      "learning_rate": 0.000299083689676237,
      "loss": 1.0311,
      "step": 110
    },
    {
      "epoch": 0.07109136351013608,
      "grad_norm": 1.4116954803466797,
      "learning_rate": 0.00029816737935247403,
      "loss": 0.1483,
      "step": 120
    },
    {
      "epoch": 0.07701564380264742,
      "grad_norm": 0.6857819557189941,
      "learning_rate": 0.00029725106902871103,
      "loss": 0.1253,
      "step": 130
    },
    {
      "epoch": 0.08293992409515875,
      "grad_norm": 0.5132789015769958,
      "learning_rate": 0.00029633475870494803,
      "loss": 0.0855,
      "step": 140
    },
    {
      "epoch": 0.08886420438767009,
      "grad_norm": 1.1577117443084717,
      "learning_rate": 0.0002954184483811851,
      "loss": 0.0554,
      "step": 150
    },
    {
      "epoch": 0.09478848468018143,
      "grad_norm": 1.0112582445144653,
      "learning_rate": 0.0002945021380574221,
      "loss": 0.912,
      "step": 160
    },
    {
      "epoch": 0.10071276497269277,
      "grad_norm": 0.6532984375953674,
      "learning_rate": 0.0002935858277336591,
      "loss": 0.1293,
      "step": 170
    },
    {
      "epoch": 0.10663704526520411,
      "grad_norm": 0.5297216176986694,
      "learning_rate": 0.00029266951740989614,
      "loss": 0.096,
      "step": 180
    },
    {
      "epoch": 0.11256132555771545,
      "grad_norm": 0.256794810295105,
      "learning_rate": 0.00029175320708613314,
      "loss": 0.0807,
      "step": 190
    },
    {
      "epoch": 0.11848560585022679,
      "grad_norm": 0.5224528908729553,
      "learning_rate": 0.00029083689676237014,
      "loss": 0.0531,
      "step": 200
    },
    {
      "epoch": 0.11848560585022679,
      "eval_loss": 0.1727687269449234,
      "eval_runtime": 143.9313,
      "eval_samples_per_second": 6.948,
      "eval_steps_per_second": 0.222,
      "step": 200
    },
    {
      "epoch": 0.12440988614273812,
      "grad_norm": 0.7438667416572571,
      "learning_rate": 0.0002899205864386072,
      "loss": 0.7686,
      "step": 210
    },
    {
      "epoch": 0.13033416643524948,
      "grad_norm": 0.4190696179866791,
      "learning_rate": 0.0002890042761148442,
      "loss": 0.1004,
      "step": 220
    },
    {
      "epoch": 0.1362584467277608,
      "grad_norm": 0.4101889133453369,
      "learning_rate": 0.0002880879657910812,
      "loss": 0.0879,
      "step": 230
    },
    {
      "epoch": 0.14218272702027215,
      "grad_norm": 0.32433441281318665,
      "learning_rate": 0.00028717165546731825,
      "loss": 0.0682,
      "step": 240
    },
    {
      "epoch": 0.14810700731278348,
      "grad_norm": 0.23777426779270172,
      "learning_rate": 0.00028625534514355525,
      "loss": 0.0498,
      "step": 250
    },
    {
      "epoch": 0.15403128760529483,
      "grad_norm": 0.9430451989173889,
      "learning_rate": 0.00028533903481979225,
      "loss": 0.6463,
      "step": 260
    },
    {
      "epoch": 0.15995556789780616,
      "grad_norm": 0.6633701920509338,
      "learning_rate": 0.0002844227244960293,
      "loss": 0.1046,
      "step": 270
    },
    {
      "epoch": 0.1658798481903175,
      "grad_norm": 0.31166332960128784,
      "learning_rate": 0.0002835064141722663,
      "loss": 0.083,
      "step": 280
    },
    {
      "epoch": 0.17180412848282883,
      "grad_norm": 0.3686676323413849,
      "learning_rate": 0.0002825901038485033,
      "loss": 0.073,
      "step": 290
    },
    {
      "epoch": 0.17772840877534019,
      "grad_norm": 0.18313702940940857,
      "learning_rate": 0.00028167379352474035,
      "loss": 0.0479,
      "step": 300
    },
    {
      "epoch": 0.1836526890678515,
      "grad_norm": 0.7176699638366699,
      "learning_rate": 0.00028075748320097735,
      "loss": 0.5535,
      "step": 310
    },
    {
      "epoch": 0.18957696936036286,
      "grad_norm": 0.47616642713546753,
      "learning_rate": 0.0002798411728772144,
      "loss": 0.0957,
      "step": 320
    },
    {
      "epoch": 0.19550124965287421,
      "grad_norm": 0.43887922167778015,
      "learning_rate": 0.0002789248625534514,
      "loss": 0.0859,
      "step": 330
    },
    {
      "epoch": 0.20142552994538554,
      "grad_norm": 0.2851657271385193,
      "learning_rate": 0.0002780085522296884,
      "loss": 0.0647,
      "step": 340
    },
    {
      "epoch": 0.2073498102378969,
      "grad_norm": 0.20703399181365967,
      "learning_rate": 0.00027709224190592546,
      "loss": 0.0512,
      "step": 350
    },
    {
      "epoch": 0.21327409053040822,
      "grad_norm": 0.34015601873397827,
      "learning_rate": 0.00027626756261453874,
      "loss": 0.5137,
      "step": 360
    },
    {
      "epoch": 0.21919837082291957,
      "grad_norm": 0.5667229890823364,
      "learning_rate": 0.0002753512522907758,
      "loss": 0.0953,
      "step": 370
    },
    {
      "epoch": 0.2251226511154309,
      "grad_norm": 0.42437267303466797,
      "learning_rate": 0.0002744349419670128,
      "loss": 0.0796,
      "step": 380
    },
    {
      "epoch": 0.23104693140794225,
      "grad_norm": 0.3182843029499054,
      "learning_rate": 0.0002735186316432498,
      "loss": 0.0683,
      "step": 390
    },
    {
      "epoch": 0.23697121170045357,
      "grad_norm": 0.20363250374794006,
      "learning_rate": 0.00027260232131948685,
      "loss": 0.0405,
      "step": 400
    },
    {
      "epoch": 0.23697121170045357,
      "eval_loss": 0.12424053996801376,
      "eval_runtime": 142.1508,
      "eval_samples_per_second": 7.035,
      "eval_steps_per_second": 0.225,
      "step": 400
    },
    {
      "epoch": 0.24289549199296492,
      "grad_norm": 0.4916341006755829,
      "learning_rate": 0.00027168601099572385,
      "loss": 0.4968,
      "step": 410
    },
    {
      "epoch": 0.24881977228547625,
      "grad_norm": 0.49811455607414246,
      "learning_rate": 0.00027076970067196085,
      "loss": 0.0972,
      "step": 420
    },
    {
      "epoch": 0.2547440525779876,
      "grad_norm": 0.3919498920440674,
      "learning_rate": 0.0002698533903481979,
      "loss": 0.0939,
      "step": 430
    },
    {
      "epoch": 0.26066833287049895,
      "grad_norm": 0.29955723881721497,
      "learning_rate": 0.0002689370800244349,
      "loss": 0.0585,
      "step": 440
    },
    {
      "epoch": 0.26659261316301025,
      "grad_norm": 0.21180538833141327,
      "learning_rate": 0.00026802076970067196,
      "loss": 0.041,
      "step": 450
    },
    {
      "epoch": 0.2725168934555216,
      "grad_norm": 0.4499339163303375,
      "learning_rate": 0.00026710445937690896,
      "loss": 0.4485,
      "step": 460
    },
    {
      "epoch": 0.27844117374803296,
      "grad_norm": 0.3455221652984619,
      "learning_rate": 0.00026618814905314596,
      "loss": 0.094,
      "step": 470
    },
    {
      "epoch": 0.2843654540405443,
      "grad_norm": 0.3735889792442322,
      "learning_rate": 0.000265271838729383,
      "loss": 0.0825,
      "step": 480
    },
    {
      "epoch": 0.29028973433305566,
      "grad_norm": 0.32021039724349976,
      "learning_rate": 0.00026435552840562,
      "loss": 0.0643,
      "step": 490
    },
    {
      "epoch": 0.29621401462556696,
      "grad_norm": 0.1567629873752594,
      "learning_rate": 0.000263439218081857,
      "loss": 0.0431,
      "step": 500
    },
    {
      "epoch": 0.3021382949180783,
      "grad_norm": 0.44169145822525024,
      "learning_rate": 0.00026252290775809407,
      "loss": 0.4702,
      "step": 510
    },
    {
      "epoch": 0.30806257521058966,
      "grad_norm": 0.3652924597263336,
      "learning_rate": 0.00026160659743433107,
      "loss": 0.0828,
      "step": 520
    },
    {
      "epoch": 0.313986855503101,
      "grad_norm": 0.3414471447467804,
      "learning_rate": 0.0002606902871105681,
      "loss": 0.0694,
      "step": 530
    },
    {
      "epoch": 0.3199111357956123,
      "grad_norm": 0.34656381607055664,
      "learning_rate": 0.0002597739767868051,
      "loss": 0.0599,
      "step": 540
    },
    {
      "epoch": 0.32583541608812366,
      "grad_norm": 0.6668494343757629,
      "learning_rate": 0.0002588576664630421,
      "loss": 0.038,
      "step": 550
    },
    {
      "epoch": 0.331759696380635,
      "grad_norm": 0.3587269186973572,
      "learning_rate": 0.0002579413561392792,
      "loss": 0.3841,
      "step": 560
    },
    {
      "epoch": 0.33768397667314637,
      "grad_norm": 0.5546576976776123,
      "learning_rate": 0.0002570250458155162,
      "loss": 0.0851,
      "step": 570
    },
    {
      "epoch": 0.34360825696565767,
      "grad_norm": 0.5909966230392456,
      "learning_rate": 0.0002561087354917532,
      "loss": 0.0727,
      "step": 580
    },
    {
      "epoch": 0.349532537258169,
      "grad_norm": 0.4144013524055481,
      "learning_rate": 0.00025519242516799023,
      "loss": 0.0555,
      "step": 590
    },
    {
      "epoch": 0.35545681755068037,
      "grad_norm": 0.38877514004707336,
      "learning_rate": 0.00025427611484422723,
      "loss": 0.0395,
      "step": 600
    },
    {
      "epoch": 0.35545681755068037,
      "eval_loss": 0.116018146276474,
      "eval_runtime": 141.552,
      "eval_samples_per_second": 7.065,
      "eval_steps_per_second": 0.226,
      "step": 600
    },
    {
      "epoch": 0.3613810978431917,
      "grad_norm": 0.5356918573379517,
      "learning_rate": 0.00025335980452046423,
      "loss": 0.356,
      "step": 610
    },
    {
      "epoch": 0.367305378135703,
      "grad_norm": 0.7196094393730164,
      "learning_rate": 0.0002524434941967013,
      "loss": 0.0797,
      "step": 620
    },
    {
      "epoch": 0.3732296584282144,
      "grad_norm": 0.490200012922287,
      "learning_rate": 0.0002515271838729383,
      "loss": 0.0673,
      "step": 630
    },
    {
      "epoch": 0.3791539387207257,
      "grad_norm": 0.2722674012184143,
      "learning_rate": 0.0002506108735491753,
      "loss": 0.0672,
      "step": 640
    },
    {
      "epoch": 0.3850782190132371,
      "grad_norm": 0.4314297139644623,
      "learning_rate": 0.00024969456322541234,
      "loss": 0.0374,
      "step": 650
    },
    {
      "epoch": 0.39100249930574843,
      "grad_norm": 0.441278338432312,
      "learning_rate": 0.00024877825290164934,
      "loss": 0.3663,
      "step": 660
    },
    {
      "epoch": 0.3969267795982597,
      "grad_norm": 0.3850958049297333,
      "learning_rate": 0.00024786194257788634,
      "loss": 0.0852,
      "step": 670
    },
    {
      "epoch": 0.4028510598907711,
      "grad_norm": 0.37799039483070374,
      "learning_rate": 0.0002469456322541234,
      "loss": 0.0695,
      "step": 680
    },
    {
      "epoch": 0.40877534018328243,
      "grad_norm": 0.33497297763824463,
      "learning_rate": 0.0002460293219303604,
      "loss": 0.0533,
      "step": 690
    },
    {
      "epoch": 0.4146996204757938,
      "grad_norm": 0.2536027133464813,
      "learning_rate": 0.0002451130116065974,
      "loss": 0.0382,
      "step": 700
    },
    {
      "epoch": 0.4206239007683051,
      "grad_norm": 0.4283672571182251,
      "learning_rate": 0.00024419670128283445,
      "loss": 0.319,
      "step": 710
    },
    {
      "epoch": 0.42654818106081643,
      "grad_norm": 0.5088347792625427,
      "learning_rate": 0.00024328039095907145,
      "loss": 0.0935,
      "step": 720
    },
    {
      "epoch": 0.4324724613533278,
      "grad_norm": 0.46028491854667664,
      "learning_rate": 0.00024236408063530845,
      "loss": 0.0754,
      "step": 730
    },
    {
      "epoch": 0.43839674164583914,
      "grad_norm": 0.32771018147468567,
      "learning_rate": 0.0002414477703115455,
      "loss": 0.0537,
      "step": 740
    },
    {
      "epoch": 0.44432102193835044,
      "grad_norm": 0.162054643034935,
      "learning_rate": 0.0002405314599877825,
      "loss": 0.0345,
      "step": 750
    },
    {
      "epoch": 0.4502453022308618,
      "grad_norm": 0.551445722579956,
      "learning_rate": 0.0002396151496640195,
      "loss": 0.2598,
      "step": 760
    },
    {
      "epoch": 0.45616958252337314,
      "grad_norm": 0.4587686359882355,
      "learning_rate": 0.00023869883934025656,
      "loss": 0.0743,
      "step": 770
    },
    {
      "epoch": 0.4620938628158845,
      "grad_norm": 0.36112600564956665,
      "learning_rate": 0.00023778252901649356,
      "loss": 0.0719,
      "step": 780
    },
    {
      "epoch": 0.4680181431083958,
      "grad_norm": 0.4323244094848633,
      "learning_rate": 0.00023686621869273056,
      "loss": 0.0543,
      "step": 790
    },
    {
      "epoch": 0.47394242340090714,
      "grad_norm": 0.24694089591503143,
      "learning_rate": 0.0002359499083689676,
      "loss": 0.0357,
      "step": 800
    },
    {
      "epoch": 0.47394242340090714,
      "eval_loss": 0.0946841761469841,
      "eval_runtime": 143.0775,
      "eval_samples_per_second": 6.989,
      "eval_steps_per_second": 0.224,
      "step": 800
    },
    {
      "epoch": 0.4798667036934185,
      "grad_norm": 0.4394476115703583,
      "learning_rate": 0.0002350335980452046,
      "loss": 0.2561,
      "step": 810
    },
    {
      "epoch": 0.48579098398592985,
      "grad_norm": 0.4947032928466797,
      "learning_rate": 0.00023411728772144164,
      "loss": 0.0746,
      "step": 820
    },
    {
      "epoch": 0.4917152642784412,
      "grad_norm": 0.3294617235660553,
      "learning_rate": 0.00023320097739767866,
      "loss": 0.0661,
      "step": 830
    },
    {
      "epoch": 0.4976395445709525,
      "grad_norm": 0.2484332174062729,
      "learning_rate": 0.00023228466707391566,
      "loss": 0.0549,
      "step": 840
    },
    {
      "epoch": 0.5035638248634638,
      "grad_norm": 0.22533349692821503,
      "learning_rate": 0.0002313683567501527,
      "loss": 0.0421,
      "step": 850
    },
    {
      "epoch": 0.5094881051559752,
      "grad_norm": 0.3600617051124573,
      "learning_rate": 0.00023045204642638972,
      "loss": 0.2469,
      "step": 860
    },
    {
      "epoch": 0.5154123854484866,
      "grad_norm": 0.5210638642311096,
      "learning_rate": 0.00022953573610262675,
      "loss": 0.0797,
      "step": 870
    },
    {
      "epoch": 0.5213366657409979,
      "grad_norm": 0.3384842872619629,
      "learning_rate": 0.00022861942577886375,
      "loss": 0.0602,
      "step": 880
    },
    {
      "epoch": 0.5272609460335093,
      "grad_norm": 0.3024470806121826,
      "learning_rate": 0.00022770311545510077,
      "loss": 0.054,
      "step": 890
    },
    {
      "epoch": 0.5331852263260205,
      "grad_norm": 0.18441782891750336,
      "learning_rate": 0.0002267868051313378,
      "loss": 0.0313,
      "step": 900
    },
    {
      "epoch": 0.5391095066185319,
      "grad_norm": 0.3858785629272461,
      "learning_rate": 0.0002258704948075748,
      "loss": 0.214,
      "step": 910
    },
    {
      "epoch": 0.5450337869110432,
      "grad_norm": 0.3704148232936859,
      "learning_rate": 0.00022495418448381183,
      "loss": 0.0714,
      "step": 920
    },
    {
      "epoch": 0.5509580672035546,
      "grad_norm": 0.28152772784233093,
      "learning_rate": 0.00022403787416004885,
      "loss": 0.0628,
      "step": 930
    },
    {
      "epoch": 0.5568823474960659,
      "grad_norm": 0.21098950505256653,
      "learning_rate": 0.00022312156383628585,
      "loss": 0.0504,
      "step": 940
    },
    {
      "epoch": 0.5628066277885773,
      "grad_norm": 0.20071224868297577,
      "learning_rate": 0.0002222052535125229,
      "loss": 0.0366,
      "step": 950
    },
    {
      "epoch": 0.5687309080810886,
      "grad_norm": 0.3488682508468628,
      "learning_rate": 0.0002212889431887599,
      "loss": 0.2124,
      "step": 960
    },
    {
      "epoch": 0.5746551883736,
      "grad_norm": 0.3798063099384308,
      "learning_rate": 0.0002203726328649969,
      "loss": 0.0715,
      "step": 970
    },
    {
      "epoch": 0.5805794686661113,
      "grad_norm": 0.4778599441051483,
      "learning_rate": 0.00021945632254123396,
      "loss": 0.0622,
      "step": 980
    },
    {
      "epoch": 0.5865037489586226,
      "grad_norm": 0.35212504863739014,
      "learning_rate": 0.00021854001221747096,
      "loss": 0.0445,
      "step": 990
    },
    {
      "epoch": 0.5924280292511339,
      "grad_norm": 0.181059792637825,
      "learning_rate": 0.00021762370189370796,
      "loss": 0.034,
      "step": 1000
    },
    {
      "epoch": 0.5924280292511339,
      "eval_loss": 0.0814465805888176,
      "eval_runtime": 141.799,
      "eval_samples_per_second": 7.052,
      "eval_steps_per_second": 0.226,
      "step": 1000
    },
    {
      "epoch": 0.5983523095436453,
      "grad_norm": 0.37447232007980347,
      "learning_rate": 0.00021670739156994502,
      "loss": 0.2153,
      "step": 1010
    },
    {
      "epoch": 0.6042765898361566,
      "grad_norm": 0.39164867997169495,
      "learning_rate": 0.00021579108124618202,
      "loss": 0.0701,
      "step": 1020
    },
    {
      "epoch": 0.610200870128668,
      "grad_norm": 0.33694255352020264,
      "learning_rate": 0.00021487477092241902,
      "loss": 0.0622,
      "step": 1030
    },
    {
      "epoch": 0.6161251504211793,
      "grad_norm": 0.43018174171447754,
      "learning_rate": 0.00021395846059865607,
      "loss": 0.0572,
      "step": 1040
    },
    {
      "epoch": 0.6220494307136907,
      "grad_norm": 0.19858890771865845,
      "learning_rate": 0.00021304215027489307,
      "loss": 0.0348,
      "step": 1050
    },
    {
      "epoch": 0.627973711006202,
      "grad_norm": 0.4001999795436859,
      "learning_rate": 0.00021212583995113007,
      "loss": 0.1827,
      "step": 1060
    },
    {
      "epoch": 0.6338979912987133,
      "grad_norm": 0.38164225220680237,
      "learning_rate": 0.00021120952962736713,
      "loss": 0.0719,
      "step": 1070
    },
    {
      "epoch": 0.6398222715912246,
      "grad_norm": 0.3287930190563202,
      "learning_rate": 0.00021029321930360413,
      "loss": 0.0632,
      "step": 1080
    },
    {
      "epoch": 0.645746551883736,
      "grad_norm": 0.3308214843273163,
      "learning_rate": 0.00020937690897984115,
      "loss": 0.0476,
      "step": 1090
    },
    {
      "epoch": 0.6516708321762473,
      "grad_norm": 0.2120838165283203,
      "learning_rate": 0.00020846059865607818,
      "loss": 0.0365,
      "step": 1100
    },
    {
      "epoch": 0.6575951124687587,
      "grad_norm": 0.39058589935302734,
      "learning_rate": 0.00020754428833231518,
      "loss": 0.2025,
      "step": 1110
    },
    {
      "epoch": 0.66351939276127,
      "grad_norm": 0.31221309304237366,
      "learning_rate": 0.0002066279780085522,
      "loss": 0.0696,
      "step": 1120
    },
    {
      "epoch": 0.6694436730537814,
      "grad_norm": 0.3035653531551361,
      "learning_rate": 0.00020571166768478924,
      "loss": 0.0575,
      "step": 1130
    },
    {
      "epoch": 0.6753679533462927,
      "grad_norm": 0.13737791776657104,
      "learning_rate": 0.00020479535736102624,
      "loss": 0.0524,
      "step": 1140
    },
    {
      "epoch": 0.6812922336388041,
      "grad_norm": 0.17535565793514252,
      "learning_rate": 0.00020387904703726326,
      "loss": 0.0306,
      "step": 1150
    },
    {
      "epoch": 0.6872165139313153,
      "grad_norm": 0.3987158238887787,
      "learning_rate": 0.0002029627367135003,
      "loss": 0.1788,
      "step": 1160
    },
    {
      "epoch": 0.6931407942238267,
      "grad_norm": 0.5433593988418579,
      "learning_rate": 0.00020204642638973732,
      "loss": 0.0754,
      "step": 1170
    },
    {
      "epoch": 0.699065074516338,
      "grad_norm": 0.3318907618522644,
      "learning_rate": 0.00020113011606597432,
      "loss": 0.0587,
      "step": 1180
    },
    {
      "epoch": 0.7049893548088494,
      "grad_norm": 0.21944810450077057,
      "learning_rate": 0.00020021380574221134,
      "loss": 0.0498,
      "step": 1190
    },
    {
      "epoch": 0.7109136351013607,
      "grad_norm": 0.2196771800518036,
      "learning_rate": 0.00019929749541844837,
      "loss": 0.0358,
      "step": 1200
    },
    {
      "epoch": 0.7109136351013607,
      "eval_loss": 0.07502520829439163,
      "eval_runtime": 142.5321,
      "eval_samples_per_second": 7.016,
      "eval_steps_per_second": 0.225,
      "step": 1200
    },
    {
      "epoch": 0.7168379153938721,
      "grad_norm": 0.38906237483024597,
      "learning_rate": 0.00019838118509468537,
      "loss": 0.17,
      "step": 1210
    },
    {
      "epoch": 0.7227621956863834,
      "grad_norm": 0.4219149649143219,
      "learning_rate": 0.0001974648747709224,
      "loss": 0.0738,
      "step": 1220
    },
    {
      "epoch": 0.7286864759788948,
      "grad_norm": 0.3338852822780609,
      "learning_rate": 0.00019654856444715943,
      "loss": 0.0582,
      "step": 1230
    },
    {
      "epoch": 0.734610756271406,
      "grad_norm": 0.2310602217912674,
      "learning_rate": 0.00019563225412339643,
      "loss": 0.0426,
      "step": 1240
    },
    {
      "epoch": 0.7405350365639174,
      "grad_norm": 0.154342919588089,
      "learning_rate": 0.00019471594379963348,
      "loss": 0.0303,
      "step": 1250
    },
    {
      "epoch": 0.7464593168564287,
      "grad_norm": 0.5658704042434692,
      "learning_rate": 0.00019379963347587048,
      "loss": 0.1635,
      "step": 1260
    },
    {
      "epoch": 0.7523835971489401,
      "grad_norm": 0.352321058511734,
      "learning_rate": 0.00019288332315210748,
      "loss": 0.0717,
      "step": 1270
    },
    {
      "epoch": 0.7583078774414515,
      "grad_norm": 0.3099577724933624,
      "learning_rate": 0.00019196701282834453,
      "loss": 0.0623,
      "step": 1280
    },
    {
      "epoch": 0.7642321577339628,
      "grad_norm": 0.3116527795791626,
      "learning_rate": 0.00019105070250458153,
      "loss": 0.0451,
      "step": 1290
    },
    {
      "epoch": 0.7701564380264742,
      "grad_norm": 0.26103174686431885,
      "learning_rate": 0.00019013439218081853,
      "loss": 0.0328,
      "step": 1300
    },
    {
      "epoch": 0.7760807183189855,
      "grad_norm": 0.330873042345047,
      "learning_rate": 0.0001892180818570556,
      "loss": 0.1161,
      "step": 1310
    },
    {
      "epoch": 0.7820049986114969,
      "grad_norm": 0.27711376547813416,
      "learning_rate": 0.0001883017715332926,
      "loss": 0.0729,
      "step": 1320
    },
    {
      "epoch": 0.7879292789040081,
      "grad_norm": 0.3235776126384735,
      "learning_rate": 0.0001873854612095296,
      "loss": 0.0618,
      "step": 1330
    },
    {
      "epoch": 0.7938535591965195,
      "grad_norm": 0.30153411626815796,
      "learning_rate": 0.00018646915088576664,
      "loss": 0.0533,
      "step": 1340
    },
    {
      "epoch": 0.7997778394890308,
      "grad_norm": 0.382404625415802,
      "learning_rate": 0.00018555284056200364,
      "loss": 0.03,
      "step": 1350
    },
    {
      "epoch": 0.8057021197815422,
      "grad_norm": 0.32524657249450684,
      "learning_rate": 0.00018463653023824064,
      "loss": 0.1402,
      "step": 1360
    },
    {
      "epoch": 0.8116264000740535,
      "grad_norm": 0.30394449830055237,
      "learning_rate": 0.0001837202199144777,
      "loss": 0.0688,
      "step": 1370
    },
    {
      "epoch": 0.8175506803665649,
      "grad_norm": 0.2254631668329239,
      "learning_rate": 0.0001828039095907147,
      "loss": 0.0583,
      "step": 1380
    },
    {
      "epoch": 0.8234749606590762,
      "grad_norm": 0.21332138776779175,
      "learning_rate": 0.00018188759926695172,
      "loss": 0.0462,
      "step": 1390
    },
    {
      "epoch": 0.8293992409515876,
      "grad_norm": 0.3465063273906708,
      "learning_rate": 0.00018097128894318875,
      "loss": 0.0307,
      "step": 1400
    },
    {
      "epoch": 0.8293992409515876,
      "eval_loss": 0.07000991702079773,
      "eval_runtime": 142.0273,
      "eval_samples_per_second": 7.041,
      "eval_steps_per_second": 0.225,
      "step": 1400
    },
    {
      "epoch": 0.8353235212440988,
      "grad_norm": 0.39764875173568726,
      "learning_rate": 0.00018005497861942575,
      "loss": 0.1335,
      "step": 1410
    },
    {
      "epoch": 0.8412478015366102,
      "grad_norm": 0.26531150937080383,
      "learning_rate": 0.00017913866829566278,
      "loss": 0.071,
      "step": 1420
    },
    {
      "epoch": 0.8471720818291215,
      "grad_norm": 0.23882199823856354,
      "learning_rate": 0.0001782223579718998,
      "loss": 0.059,
      "step": 1430
    },
    {
      "epoch": 0.8530963621216329,
      "grad_norm": 0.2954285442829132,
      "learning_rate": 0.0001773060476481368,
      "loss": 0.0458,
      "step": 1440
    },
    {
      "epoch": 0.8590206424141442,
      "grad_norm": 0.2210153341293335,
      "learning_rate": 0.00017638973732437383,
      "loss": 0.026,
      "step": 1450
    },
    {
      "epoch": 0.8649449227066556,
      "grad_norm": 0.44531896710395813,
      "learning_rate": 0.00017547342700061086,
      "loss": 0.1264,
      "step": 1460
    },
    {
      "epoch": 0.8708692029991669,
      "grad_norm": 0.38577377796173096,
      "learning_rate": 0.0001745571166768479,
      "loss": 0.0749,
      "step": 1470
    },
    {
      "epoch": 0.8767934832916783,
      "grad_norm": 0.3557749092578888,
      "learning_rate": 0.0001736408063530849,
      "loss": 0.0596,
      "step": 1480
    },
    {
      "epoch": 0.8827177635841896,
      "grad_norm": 0.22639918327331543,
      "learning_rate": 0.00017272449602932191,
      "loss": 0.0448,
      "step": 1490
    },
    {
      "epoch": 0.8886420438767009,
      "grad_norm": 0.256597101688385,
      "learning_rate": 0.00017180818570555894,
      "loss": 0.0257,
      "step": 1500
    },
    {
      "epoch": 0.8945663241692122,
      "grad_norm": 0.37028977274894714,
      "learning_rate": 0.00017089187538179594,
      "loss": 0.1132,
      "step": 1510
    },
    {
      "epoch": 0.9004906044617236,
      "grad_norm": 0.3033447861671448,
      "learning_rate": 0.00016997556505803297,
      "loss": 0.0656,
      "step": 1520
    },
    {
      "epoch": 0.9064148847542349,
      "grad_norm": 0.2343675047159195,
      "learning_rate": 0.00016905925473427,
      "loss": 0.0508,
      "step": 1530
    },
    {
      "epoch": 0.9123391650467463,
      "grad_norm": 0.31476888060569763,
      "learning_rate": 0.000168142944410507,
      "loss": 0.0428,
      "step": 1540
    },
    {
      "epoch": 0.9182634453392576,
      "grad_norm": 0.405984103679657,
      "learning_rate": 0.00016722663408674405,
      "loss": 0.0288,
      "step": 1550
    },
    {
      "epoch": 0.924187725631769,
      "grad_norm": 0.31004735827445984,
      "learning_rate": 0.00016631032376298105,
      "loss": 0.122,
      "step": 1560
    },
    {
      "epoch": 0.9301120059242803,
      "grad_norm": 0.3454028367996216,
      "learning_rate": 0.00016539401343921805,
      "loss": 0.0675,
      "step": 1570
    },
    {
      "epoch": 0.9360362862167916,
      "grad_norm": 0.2664320468902588,
      "learning_rate": 0.0001644777031154551,
      "loss": 0.0585,
      "step": 1580
    },
    {
      "epoch": 0.9419605665093029,
      "grad_norm": 0.20439086854457855,
      "learning_rate": 0.0001635613927916921,
      "loss": 0.0483,
      "step": 1590
    },
    {
      "epoch": 0.9478848468018143,
      "grad_norm": 0.3007137179374695,
      "learning_rate": 0.0001626450824679291,
      "loss": 0.0302,
      "step": 1600
    },
    {
      "epoch": 0.9478848468018143,
      "eval_loss": 0.06541050225496292,
      "eval_runtime": 142.8318,
      "eval_samples_per_second": 7.001,
      "eval_steps_per_second": 0.224,
      "step": 1600
    },
    {
      "epoch": 0.9538091270943256,
      "grad_norm": 0.39345836639404297,
      "learning_rate": 0.00016172877214416616,
      "loss": 0.1152,
      "step": 1610
    },
    {
      "epoch": 0.959733407386837,
      "grad_norm": 0.24660122394561768,
      "learning_rate": 0.00016081246182040316,
      "loss": 0.0671,
      "step": 1620
    },
    {
      "epoch": 0.9656576876793483,
      "grad_norm": 0.3273054361343384,
      "learning_rate": 0.00015989615149664016,
      "loss": 0.0507,
      "step": 1630
    },
    {
      "epoch": 0.9715819679718597,
      "grad_norm": 0.25714606046676636,
      "learning_rate": 0.0001589798411728772,
      "loss": 0.0395,
      "step": 1640
    },
    {
      "epoch": 0.977506248264371,
      "grad_norm": 0.37546759843826294,
      "learning_rate": 0.0001580635308491142,
      "loss": 0.0332,
      "step": 1650
    },
    {
      "epoch": 0.9834305285568824,
      "grad_norm": 0.3355700373649597,
      "learning_rate": 0.0001571472205253512,
      "loss": 0.1008,
      "step": 1660
    },
    {
      "epoch": 0.9893548088493936,
      "grad_norm": 0.3052581548690796,
      "learning_rate": 0.00015623091020158827,
      "loss": 0.0594,
      "step": 1670
    },
    {
      "epoch": 0.995279089141905,
      "grad_norm": 0.2203497588634491,
      "learning_rate": 0.00015531459987782527,
      "loss": 0.0445,
      "step": 1680
    },
    {
      "epoch": 1.0012033694344165,
      "grad_norm": 1.4640260934829712,
      "learning_rate": 0.0001543982895540623,
      "loss": 0.0506,
      "step": 1690
    },
    {
      "epoch": 1.0071276497269277,
      "grad_norm": 0.4422113299369812,
      "learning_rate": 0.00015348197923029932,
      "loss": 0.08,
      "step": 1700
    },
    {
      "epoch": 1.013051930019439,
      "grad_norm": 0.33007872104644775,
      "learning_rate": 0.00015256566890653632,
      "loss": 0.0592,
      "step": 1710
    },
    {
      "epoch": 1.0189762103119504,
      "grad_norm": 0.24011532962322235,
      "learning_rate": 0.00015164935858277335,
      "loss": 0.0491,
      "step": 1720
    },
    {
      "epoch": 1.0249004906044616,
      "grad_norm": 0.3040066957473755,
      "learning_rate": 0.00015073304825901038,
      "loss": 0.0385,
      "step": 1730
    },
    {
      "epoch": 1.030824770896973,
      "grad_norm": 0.9105356931686401,
      "learning_rate": 0.00014981673793524738,
      "loss": 0.0412,
      "step": 1740
    },
    {
      "epoch": 1.0367490511894843,
      "grad_norm": 0.35184335708618164,
      "learning_rate": 0.0001489004276114844,
      "loss": 0.0714,
      "step": 1750
    },
    {
      "epoch": 1.0426733314819958,
      "grad_norm": 0.24972636997699738,
      "learning_rate": 0.00014798411728772143,
      "loss": 0.0592,
      "step": 1760
    },
    {
      "epoch": 1.048597611774507,
      "grad_norm": 0.225073903799057,
      "learning_rate": 0.00014706780696395846,
      "loss": 0.0447,
      "step": 1770
    },
    {
      "epoch": 1.0545218920670185,
      "grad_norm": 0.2551710903644562,
      "learning_rate": 0.00014615149664019546,
      "loss": 0.0377,
      "step": 1780
    },
    {
      "epoch": 1.0604461723595298,
      "grad_norm": 0.7864333987236023,
      "learning_rate": 0.00014523518631643248,
      "loss": 0.0359,
      "step": 1790
    },
    {
      "epoch": 1.066370452652041,
      "grad_norm": 0.2267998903989792,
      "learning_rate": 0.0001443188759926695,
      "loss": 0.0733,
      "step": 1800
    },
    {
      "epoch": 1.066370452652041,
      "eval_loss": 0.05696410313248634,
      "eval_runtime": 142.2293,
      "eval_samples_per_second": 7.031,
      "eval_steps_per_second": 0.225,
      "step": 1800
    },
    {
      "epoch": 1.0722947329445525,
      "grad_norm": 0.3786976635456085,
      "learning_rate": 0.00014340256566890654,
      "loss": 0.056,
      "step": 1810
    },
    {
      "epoch": 1.0782190132370637,
      "grad_norm": 0.30742979049682617,
      "learning_rate": 0.00014248625534514354,
      "loss": 0.0492,
      "step": 1820
    },
    {
      "epoch": 1.0841432935295752,
      "grad_norm": 0.28516143560409546,
      "learning_rate": 0.00014156994502138057,
      "loss": 0.0454,
      "step": 1830
    },
    {
      "epoch": 1.0900675738220864,
      "grad_norm": 1.0643892288208008,
      "learning_rate": 0.0001406536346976176,
      "loss": 0.0455,
      "step": 1840
    },
    {
      "epoch": 1.0959918541145979,
      "grad_norm": 0.3335365653038025,
      "learning_rate": 0.0001397373243738546,
      "loss": 0.0891,
      "step": 1850
    },
    {
      "epoch": 1.1019161344071091,
      "grad_norm": 0.24681855738162994,
      "learning_rate": 0.00013882101405009162,
      "loss": 0.0587,
      "step": 1860
    },
    {
      "epoch": 1.1078404146996206,
      "grad_norm": 0.2990414500236511,
      "learning_rate": 0.00013790470372632865,
      "loss": 0.05,
      "step": 1870
    },
    {
      "epoch": 1.1137646949921318,
      "grad_norm": 0.44504794478416443,
      "learning_rate": 0.00013698839340256565,
      "loss": 0.0385,
      "step": 1880
    },
    {
      "epoch": 1.119688975284643,
      "grad_norm": 1.406221628189087,
      "learning_rate": 0.00013607208307880267,
      "loss": 0.0364,
      "step": 1890
    },
    {
      "epoch": 1.1256132555771545,
      "grad_norm": 0.35871732234954834,
      "learning_rate": 0.0001351557727550397,
      "loss": 0.0674,
      "step": 1900
    },
    {
      "epoch": 1.1315375358696658,
      "grad_norm": 0.32296353578567505,
      "learning_rate": 0.0001342394624312767,
      "loss": 0.0567,
      "step": 1910
    },
    {
      "epoch": 1.1374618161621772,
      "grad_norm": 0.3261248469352722,
      "learning_rate": 0.00013332315210751373,
      "loss": 0.0457,
      "step": 1920
    },
    {
      "epoch": 1.1433860964546885,
      "grad_norm": 0.3186516761779785,
      "learning_rate": 0.00013240684178375076,
      "loss": 0.0392,
      "step": 1930
    },
    {
      "epoch": 1.1493103767472,
      "grad_norm": 1.0418484210968018,
      "learning_rate": 0.00013149053145998776,
      "loss": 0.0342,
      "step": 1940
    },
    {
      "epoch": 1.1552346570397112,
      "grad_norm": 0.35880395770072937,
      "learning_rate": 0.00013057422113622478,
      "loss": 0.0698,
      "step": 1950
    },
    {
      "epoch": 1.1611589373322224,
      "grad_norm": 0.24749304354190826,
      "learning_rate": 0.0001296579108124618,
      "loss": 0.0555,
      "step": 1960
    },
    {
      "epoch": 1.1670832176247339,
      "grad_norm": 0.26106399297714233,
      "learning_rate": 0.0001287416004886988,
      "loss": 0.0499,
      "step": 1970
    },
    {
      "epoch": 1.1730074979172451,
      "grad_norm": 0.2926580309867859,
      "learning_rate": 0.00012782529016493584,
      "loss": 0.0404,
      "step": 1980
    },
    {
      "epoch": 1.1789317782097566,
      "grad_norm": 1.121860146522522,
      "learning_rate": 0.00012690897984117286,
      "loss": 0.0387,
      "step": 1990
    },
    {
      "epoch": 1.1848560585022678,
      "grad_norm": 0.3116956949234009,
      "learning_rate": 0.00012599266951740987,
      "loss": 0.0649,
      "step": 2000
    },
    {
      "epoch": 1.1848560585022678,
      "eval_loss": 0.04826424643397331,
      "eval_runtime": 142.221,
      "eval_samples_per_second": 7.031,
      "eval_steps_per_second": 0.225,
      "step": 2000
    },
    {
      "epoch": 1.1907803387947793,
      "grad_norm": 0.2788320779800415,
      "learning_rate": 0.0001250763591936469,
      "loss": 0.0539,
      "step": 2010
    },
    {
      "epoch": 1.1967046190872905,
      "grad_norm": 0.3399316668510437,
      "learning_rate": 0.00012416004886988392,
      "loss": 0.0438,
      "step": 2020
    },
    {
      "epoch": 1.202628899379802,
      "grad_norm": 0.1649230420589447,
      "learning_rate": 0.00012324373854612095,
      "loss": 0.0383,
      "step": 2030
    },
    {
      "epoch": 1.2085531796723132,
      "grad_norm": 0.8092858195304871,
      "learning_rate": 0.00012232742822235795,
      "loss": 0.0318,
      "step": 2040
    },
    {
      "epoch": 1.2144774599648245,
      "grad_norm": 0.3271612226963043,
      "learning_rate": 0.00012141111789859499,
      "loss": 0.0708,
      "step": 2050
    },
    {
      "epoch": 1.220401740257336,
      "grad_norm": 0.21804405748844147,
      "learning_rate": 0.00012049480757483199,
      "loss": 0.0569,
      "step": 2060
    },
    {
      "epoch": 1.2263260205498472,
      "grad_norm": 0.31479528546333313,
      "learning_rate": 0.00011957849725106901,
      "loss": 0.0507,
      "step": 2070
    },
    {
      "epoch": 1.2322503008423586,
      "grad_norm": 0.2624302804470062,
      "learning_rate": 0.00011866218692730604,
      "loss": 0.0368,
      "step": 2080
    },
    {
      "epoch": 1.23817458113487,
      "grad_norm": 0.6976993083953857,
      "learning_rate": 0.00011774587660354306,
      "loss": 0.0392,
      "step": 2090
    },
    {
      "epoch": 1.2440988614273814,
      "grad_norm": 0.3203490376472473,
      "learning_rate": 0.00011682956627978007,
      "loss": 0.0667,
      "step": 2100
    },
    {
      "epoch": 1.2500231417198926,
      "grad_norm": 0.31066131591796875,
      "learning_rate": 0.0001159132559560171,
      "loss": 0.0589,
      "step": 2110
    },
    {
      "epoch": 1.255947422012404,
      "grad_norm": 0.20280630886554718,
      "learning_rate": 0.00011499694563225411,
      "loss": 0.044,
      "step": 2120
    },
    {
      "epoch": 1.2618717023049153,
      "grad_norm": 0.38778913021087646,
      "learning_rate": 0.00011408063530849114,
      "loss": 0.0413,
      "step": 2130
    },
    {
      "epoch": 1.2677959825974265,
      "grad_norm": 0.5026974678039551,
      "learning_rate": 0.00011316432498472815,
      "loss": 0.0264,
      "step": 2140
    },
    {
      "epoch": 1.273720262889938,
      "grad_norm": 0.27298304438591003,
      "learning_rate": 0.00011224801466096516,
      "loss": 0.0629,
      "step": 2150
    },
    {
      "epoch": 1.2796445431824492,
      "grad_norm": 0.3058403432369232,
      "learning_rate": 0.00011133170433720219,
      "loss": 0.0536,
      "step": 2160
    },
    {
      "epoch": 1.2855688234749607,
      "grad_norm": 0.3294120728969574,
      "learning_rate": 0.00011041539401343922,
      "loss": 0.044,
      "step": 2170
    },
    {
      "epoch": 1.291493103767472,
      "grad_norm": 0.3696683347225189,
      "learning_rate": 0.00010949908368967622,
      "loss": 0.0363,
      "step": 2180
    },
    {
      "epoch": 1.2974173840599834,
      "grad_norm": 0.7428112626075745,
      "learning_rate": 0.00010858277336591325,
      "loss": 0.0259,
      "step": 2190
    },
    {
      "epoch": 1.3033416643524947,
      "grad_norm": 0.3518107831478119,
      "learning_rate": 0.00010766646304215027,
      "loss": 0.0593,
      "step": 2200
    },
    {
      "epoch": 1.3033416643524947,
      "eval_loss": 0.048016130924224854,
      "eval_runtime": 142.2854,
      "eval_samples_per_second": 7.028,
      "eval_steps_per_second": 0.225,
      "step": 2200
    },
    {
      "epoch": 1.3092659446450061,
      "grad_norm": 0.35178887844085693,
      "learning_rate": 0.00010675015271838727,
      "loss": 0.0546,
      "step": 2210
    },
    {
      "epoch": 1.3151902249375174,
      "grad_norm": 0.31035009026527405,
      "learning_rate": 0.0001058338423946243,
      "loss": 0.045,
      "step": 2220
    },
    {
      "epoch": 1.3211145052300286,
      "grad_norm": 0.4151933491230011,
      "learning_rate": 0.00010491753207086133,
      "loss": 0.0379,
      "step": 2230
    },
    {
      "epoch": 1.32703878552254,
      "grad_norm": 0.7383719682693481,
      "learning_rate": 0.00010400122174709834,
      "loss": 0.0291,
      "step": 2240
    },
    {
      "epoch": 1.3329630658150513,
      "grad_norm": 0.2739225924015045,
      "learning_rate": 0.00010308491142333535,
      "loss": 0.0619,
      "step": 2250
    },
    {
      "epoch": 1.3388873461075628,
      "grad_norm": 0.36404624581336975,
      "learning_rate": 0.00010216860109957238,
      "loss": 0.0546,
      "step": 2260
    },
    {
      "epoch": 1.344811626400074,
      "grad_norm": 0.3811894953250885,
      "learning_rate": 0.0001012522907758094,
      "loss": 0.0496,
      "step": 2270
    },
    {
      "epoch": 1.3507359066925855,
      "grad_norm": 0.2418900728225708,
      "learning_rate": 0.00010033598045204642,
      "loss": 0.035,
      "step": 2280
    },
    {
      "epoch": 1.3566601869850967,
      "grad_norm": 1.6692156791687012,
      "learning_rate": 9.941967012828344e-05,
      "loss": 0.0306,
      "step": 2290
    },
    {
      "epoch": 1.3625844672776082,
      "grad_norm": 0.319719135761261,
      "learning_rate": 9.850335980452045e-05,
      "loss": 0.0608,
      "step": 2300
    },
    {
      "epoch": 1.3685087475701194,
      "grad_norm": 0.40915462374687195,
      "learning_rate": 9.758704948075748e-05,
      "loss": 0.059,
      "step": 2310
    },
    {
      "epoch": 1.3744330278626307,
      "grad_norm": 0.40203702449798584,
      "learning_rate": 9.66707391569945e-05,
      "loss": 0.0496,
      "step": 2320
    },
    {
      "epoch": 1.3803573081551421,
      "grad_norm": 0.16332225501537323,
      "learning_rate": 9.57544288332315e-05,
      "loss": 0.0374,
      "step": 2330
    },
    {
      "epoch": 1.3862815884476534,
      "grad_norm": 0.6904036402702332,
      "learning_rate": 9.483811850946853e-05,
      "loss": 0.0282,
      "step": 2340
    },
    {
      "epoch": 1.3922058687401648,
      "grad_norm": 0.3717109262943268,
      "learning_rate": 9.392180818570556e-05,
      "loss": 0.0548,
      "step": 2350
    },
    {
      "epoch": 1.398130149032676,
      "grad_norm": 0.35124602913856506,
      "learning_rate": 9.300549786194256e-05,
      "loss": 0.0507,
      "step": 2360
    },
    {
      "epoch": 1.4040544293251873,
      "grad_norm": 0.3096996247768402,
      "learning_rate": 9.208918753817958e-05,
      "loss": 0.0406,
      "step": 2370
    },
    {
      "epoch": 1.4099787096176988,
      "grad_norm": 0.206543430685997,
      "learning_rate": 9.117287721441661e-05,
      "loss": 0.0319,
      "step": 2380
    },
    {
      "epoch": 1.4159029899102102,
      "grad_norm": 0.7102363109588623,
      "learning_rate": 9.025656689065363e-05,
      "loss": 0.0311,
      "step": 2390
    },
    {
      "epoch": 1.4218272702027215,
      "grad_norm": 0.34754371643066406,
      "learning_rate": 8.934025656689064e-05,
      "loss": 0.0596,
      "step": 2400
    },
    {
      "epoch": 1.4218272702027215,
      "eval_loss": 0.0482022687792778,
      "eval_runtime": 144.5867,
      "eval_samples_per_second": 6.916,
      "eval_steps_per_second": 0.221,
      "step": 2400
    },
    {
      "epoch": 1.4277515504952327,
      "grad_norm": 0.35201215744018555,
      "learning_rate": 8.842394624312767e-05,
      "loss": 0.0452,
      "step": 2410
    },
    {
      "epoch": 1.4336758307877442,
      "grad_norm": 0.3630978465080261,
      "learning_rate": 8.750763591936468e-05,
      "loss": 0.0472,
      "step": 2420
    },
    {
      "epoch": 1.4396001110802554,
      "grad_norm": 0.40640145540237427,
      "learning_rate": 8.659132559560171e-05,
      "loss": 0.0361,
      "step": 2430
    },
    {
      "epoch": 1.445524391372767,
      "grad_norm": 0.6913676261901855,
      "learning_rate": 8.567501527183872e-05,
      "loss": 0.026,
      "step": 2440
    },
    {
      "epoch": 1.4514486716652781,
      "grad_norm": 0.3581802248954773,
      "learning_rate": 8.475870494807573e-05,
      "loss": 0.0513,
      "step": 2450
    },
    {
      "epoch": 1.4573729519577894,
      "grad_norm": 0.3663511574268341,
      "learning_rate": 8.384239462431276e-05,
      "loss": 0.0505,
      "step": 2460
    },
    {
      "epoch": 1.4632972322503008,
      "grad_norm": 0.2983020544052124,
      "learning_rate": 8.292608430054979e-05,
      "loss": 0.0402,
      "step": 2470
    },
    {
      "epoch": 1.4692215125428123,
      "grad_norm": 0.3355766832828522,
      "learning_rate": 8.200977397678679e-05,
      "loss": 0.0327,
      "step": 2480
    },
    {
      "epoch": 1.4751457928353235,
      "grad_norm": 0.4613151550292969,
      "learning_rate": 8.109346365302382e-05,
      "loss": 0.0273,
      "step": 2490
    },
    {
      "epoch": 1.4810700731278348,
      "grad_norm": 0.4122406542301178,
      "learning_rate": 8.017715332926084e-05,
      "loss": 0.0609,
      "step": 2500
    },
    {
      "epoch": 1.4869943534203462,
      "grad_norm": 0.4101780951023102,
      "learning_rate": 7.926084300549784e-05,
      "loss": 0.0489,
      "step": 2510
    },
    {
      "epoch": 1.4929186337128575,
      "grad_norm": 0.2833409607410431,
      "learning_rate": 7.834453268173487e-05,
      "loss": 0.0504,
      "step": 2520
    },
    {
      "epoch": 1.498842914005369,
      "grad_norm": 0.27570804953575134,
      "learning_rate": 7.74282223579719e-05,
      "loss": 0.0389,
      "step": 2530
    },
    {
      "epoch": 1.5047671942978802,
      "grad_norm": 0.5452094674110413,
      "learning_rate": 7.651191203420891e-05,
      "loss": 0.0246,
      "step": 2540
    },
    {
      "epoch": 1.5106914745903914,
      "grad_norm": 0.3830823004245758,
      "learning_rate": 7.559560171044592e-05,
      "loss": 0.0561,
      "step": 2550
    },
    {
      "epoch": 1.516615754882903,
      "grad_norm": 0.24655000865459442,
      "learning_rate": 7.467929138668295e-05,
      "loss": 0.0511,
      "step": 2560
    },
    {
      "epoch": 1.5225400351754144,
      "grad_norm": 0.31321272253990173,
      "learning_rate": 7.376298106291997e-05,
      "loss": 0.0468,
      "step": 2570
    },
    {
      "epoch": 1.5284643154679256,
      "grad_norm": 0.2551403343677521,
      "learning_rate": 7.284667073915699e-05,
      "loss": 0.0377,
      "step": 2580
    },
    {
      "epoch": 1.5343885957604368,
      "grad_norm": 0.640984058380127,
      "learning_rate": 7.1930360415394e-05,
      "loss": 0.0239,
      "step": 2590
    },
    {
      "epoch": 1.5403128760529483,
      "grad_norm": 0.3657172918319702,
      "learning_rate": 7.101405009163103e-05,
      "loss": 0.0486,
      "step": 2600
    },
    {
      "epoch": 1.5403128760529483,
      "eval_loss": 0.044318147003650665,
      "eval_runtime": 142.4124,
      "eval_samples_per_second": 7.022,
      "eval_steps_per_second": 0.225,
      "step": 2600
    },
    {
      "epoch": 1.5462371563454596,
      "grad_norm": 0.2664667069911957,
      "learning_rate": 7.009773976786805e-05,
      "loss": 0.0445,
      "step": 2610
    },
    {
      "epoch": 1.552161436637971,
      "grad_norm": 0.24811144173145294,
      "learning_rate": 6.918142944410506e-05,
      "loss": 0.0409,
      "step": 2620
    },
    {
      "epoch": 1.5580857169304823,
      "grad_norm": 0.267182856798172,
      "learning_rate": 6.826511912034209e-05,
      "loss": 0.0322,
      "step": 2630
    },
    {
      "epoch": 1.5640099972229935,
      "grad_norm": 0.8249285817146301,
      "learning_rate": 6.73488087965791e-05,
      "loss": 0.0306,
      "step": 2640
    },
    {
      "epoch": 1.569934277515505,
      "grad_norm": 0.25727999210357666,
      "learning_rate": 6.643249847281611e-05,
      "loss": 0.0575,
      "step": 2650
    },
    {
      "epoch": 1.5758585578080164,
      "grad_norm": 0.274232417345047,
      "learning_rate": 6.551618814905314e-05,
      "loss": 0.0483,
      "step": 2660
    },
    {
      "epoch": 1.5817828381005277,
      "grad_norm": 0.4080171585083008,
      "learning_rate": 6.459987782529016e-05,
      "loss": 0.0413,
      "step": 2670
    },
    {
      "epoch": 1.587707118393039,
      "grad_norm": 0.22556036710739136,
      "learning_rate": 6.368356750152717e-05,
      "loss": 0.0317,
      "step": 2680
    },
    {
      "epoch": 1.5936313986855501,
      "grad_norm": 0.6299736499786377,
      "learning_rate": 6.27672571777642e-05,
      "loss": 0.0302,
      "step": 2690
    },
    {
      "epoch": 1.5995556789780616,
      "grad_norm": 0.39930200576782227,
      "learning_rate": 6.185094685400121e-05,
      "loss": 0.0554,
      "step": 2700
    },
    {
      "epoch": 1.605479959270573,
      "grad_norm": 0.29423627257347107,
      "learning_rate": 6.093463653023823e-05,
      "loss": 0.0531,
      "step": 2710
    },
    {
      "epoch": 1.6114042395630843,
      "grad_norm": 0.2702699899673462,
      "learning_rate": 6.001832620647526e-05,
      "loss": 0.0377,
      "step": 2720
    },
    {
      "epoch": 1.6173285198555956,
      "grad_norm": 0.34598755836486816,
      "learning_rate": 5.910201588271227e-05,
      "loss": 0.0325,
      "step": 2730
    },
    {
      "epoch": 1.623252800148107,
      "grad_norm": 0.502311646938324,
      "learning_rate": 5.818570555894929e-05,
      "loss": 0.0296,
      "step": 2740
    },
    {
      "epoch": 1.6291770804406185,
      "grad_norm": 0.3069168031215668,
      "learning_rate": 5.726939523518631e-05,
      "loss": 0.0461,
      "step": 2750
    },
    {
      "epoch": 1.6351013607331297,
      "grad_norm": 0.5537053346633911,
      "learning_rate": 5.635308491142333e-05,
      "loss": 0.0532,
      "step": 2760
    },
    {
      "epoch": 1.641025641025641,
      "grad_norm": 0.30758538842201233,
      "learning_rate": 5.5436774587660345e-05,
      "loss": 0.0454,
      "step": 2770
    },
    {
      "epoch": 1.6469499213181522,
      "grad_norm": 0.24507655203342438,
      "learning_rate": 5.452046426389737e-05,
      "loss": 0.0281,
      "step": 2780
    },
    {
      "epoch": 1.6528742016106637,
      "grad_norm": 1.342648983001709,
      "learning_rate": 5.3604153940134386e-05,
      "loss": 0.0323,
      "step": 2790
    },
    {
      "epoch": 1.6587984819031751,
      "grad_norm": 0.34912657737731934,
      "learning_rate": 5.26878436163714e-05,
      "loss": 0.0512,
      "step": 2800
    },
    {
      "epoch": 1.6587984819031751,
      "eval_loss": 0.04517132043838501,
      "eval_runtime": 142.3445,
      "eval_samples_per_second": 7.025,
      "eval_steps_per_second": 0.225,
      "step": 2800
    },
    {
      "epoch": 1.6647227621956864,
      "grad_norm": 0.24800308048725128,
      "learning_rate": 5.177153329260843e-05,
      "loss": 0.0476,
      "step": 2810
    },
    {
      "epoch": 1.6706470424881976,
      "grad_norm": 0.3175467550754547,
      "learning_rate": 5.085522296884544e-05,
      "loss": 0.0426,
      "step": 2820
    },
    {
      "epoch": 1.676571322780709,
      "grad_norm": 0.2984965741634369,
      "learning_rate": 4.993891264508246e-05,
      "loss": 0.0301,
      "step": 2830
    },
    {
      "epoch": 1.6824956030732205,
      "grad_norm": 0.4759514331817627,
      "learning_rate": 4.902260232131948e-05,
      "loss": 0.0226,
      "step": 2840
    },
    {
      "epoch": 1.6884198833657318,
      "grad_norm": 0.39971405267715454,
      "learning_rate": 4.81062919975565e-05,
      "loss": 0.0537,
      "step": 2850
    },
    {
      "epoch": 1.694344163658243,
      "grad_norm": 0.4550318121910095,
      "learning_rate": 4.7189981673793515e-05,
      "loss": 0.0444,
      "step": 2860
    },
    {
      "epoch": 1.7002684439507543,
      "grad_norm": 0.2559976577758789,
      "learning_rate": 4.627367135003054e-05,
      "loss": 0.0374,
      "step": 2870
    },
    {
      "epoch": 1.7061927242432657,
      "grad_norm": 0.291852205991745,
      "learning_rate": 4.5357361026267556e-05,
      "loss": 0.0293,
      "step": 2880
    },
    {
      "epoch": 1.7121170045357772,
      "grad_norm": 0.7071120142936707,
      "learning_rate": 4.4441050702504576e-05,
      "loss": 0.0249,
      "step": 2890
    },
    {
      "epoch": 1.7180412848282884,
      "grad_norm": 0.5122763514518738,
      "learning_rate": 4.35247403787416e-05,
      "loss": 0.0543,
      "step": 2900
    },
    {
      "epoch": 1.7239655651207997,
      "grad_norm": 0.31350794434547424,
      "learning_rate": 4.260843005497862e-05,
      "loss": 0.0517,
      "step": 2910
    },
    {
      "epoch": 1.7298898454133111,
      "grad_norm": 0.2865467667579651,
      "learning_rate": 4.169211973121563e-05,
      "loss": 0.0394,
      "step": 2920
    },
    {
      "epoch": 1.7358141257058226,
      "grad_norm": 0.2080884575843811,
      "learning_rate": 4.077580940745266e-05,
      "loss": 0.0314,
      "step": 2930
    },
    {
      "epoch": 1.7417384059983338,
      "grad_norm": 0.6115951538085938,
      "learning_rate": 3.985949908368967e-05,
      "loss": 0.0277,
      "step": 2940
    },
    {
      "epoch": 1.747662686290845,
      "grad_norm": 0.3641626834869385,
      "learning_rate": 3.8943188759926685e-05,
      "loss": 0.0521,
      "step": 2950
    },
    {
      "epoch": 1.7535869665833563,
      "grad_norm": 0.2763833999633789,
      "learning_rate": 3.802687843616371e-05,
      "loss": 0.0485,
      "step": 2960
    },
    {
      "epoch": 1.7595112468758678,
      "grad_norm": 0.3076137602329254,
      "learning_rate": 3.711056811240073e-05,
      "loss": 0.0329,
      "step": 2970
    },
    {
      "epoch": 1.7654355271683793,
      "grad_norm": 0.3076191544532776,
      "learning_rate": 3.619425778863775e-05,
      "loss": 0.0323,
      "step": 2980
    },
    {
      "epoch": 1.7713598074608905,
      "grad_norm": 0.9351741075515747,
      "learning_rate": 3.5277947464874767e-05,
      "loss": 0.0302,
      "step": 2990
    },
    {
      "epoch": 1.7772840877534017,
      "grad_norm": 0.2344963252544403,
      "learning_rate": 3.436163714111179e-05,
      "loss": 0.0533,
      "step": 3000
    },
    {
      "epoch": 1.7772840877534017,
      "eval_loss": 0.03921350836753845,
      "eval_runtime": 142.1335,
      "eval_samples_per_second": 7.036,
      "eval_steps_per_second": 0.225,
      "step": 3000
    },
    {
      "epoch": 1.7832083680459132,
      "grad_norm": 0.2807569205760956,
      "learning_rate": 3.344532681734881e-05,
      "loss": 0.0504,
      "step": 3010
    },
    {
      "epoch": 1.7891326483384247,
      "grad_norm": 0.23974989354610443,
      "learning_rate": 3.252901649358582e-05,
      "loss": 0.0382,
      "step": 3020
    },
    {
      "epoch": 1.795056928630936,
      "grad_norm": 0.20577004551887512,
      "learning_rate": 3.161270616982284e-05,
      "loss": 0.0294,
      "step": 3030
    },
    {
      "epoch": 1.8009812089234472,
      "grad_norm": 0.43595728278160095,
      "learning_rate": 3.069639584605986e-05,
      "loss": 0.0301,
      "step": 3040
    },
    {
      "epoch": 1.8069054892159584,
      "grad_norm": 0.47655364871025085,
      "learning_rate": 2.978008552229688e-05,
      "loss": 0.0479,
      "step": 3050
    },
    {
      "epoch": 1.8128297695084699,
      "grad_norm": 0.29684340953826904,
      "learning_rate": 2.88637751985339e-05,
      "loss": 0.0471,
      "step": 3060
    },
    {
      "epoch": 1.8187540498009813,
      "grad_norm": 0.29100799560546875,
      "learning_rate": 2.794746487477092e-05,
      "loss": 0.0404,
      "step": 3070
    },
    {
      "epoch": 1.8246783300934926,
      "grad_norm": 0.30966684222221375,
      "learning_rate": 2.7031154551007936e-05,
      "loss": 0.0353,
      "step": 3080
    },
    {
      "epoch": 1.8306026103860038,
      "grad_norm": 0.5521259903907776,
      "learning_rate": 2.6114844227244957e-05,
      "loss": 0.023,
      "step": 3090
    },
    {
      "epoch": 1.8365268906785153,
      "grad_norm": 0.35796499252319336,
      "learning_rate": 2.5198533903481977e-05,
      "loss": 0.0424,
      "step": 3100
    },
    {
      "epoch": 1.8424511709710267,
      "grad_norm": 0.3622687757015228,
      "learning_rate": 2.4282223579718994e-05,
      "loss": 0.0429,
      "step": 3110
    },
    {
      "epoch": 1.848375451263538,
      "grad_norm": 0.3186803162097931,
      "learning_rate": 2.3365913255956014e-05,
      "loss": 0.0421,
      "step": 3120
    },
    {
      "epoch": 1.8542997315560492,
      "grad_norm": 0.2858967185020447,
      "learning_rate": 2.2449602932193035e-05,
      "loss": 0.0304,
      "step": 3130
    },
    {
      "epoch": 1.8602240118485605,
      "grad_norm": 0.5588609576225281,
      "learning_rate": 2.1533292608430052e-05,
      "loss": 0.0255,
      "step": 3140
    },
    {
      "epoch": 1.866148292141072,
      "grad_norm": 0.34825798869132996,
      "learning_rate": 2.0616982284667072e-05,
      "loss": 0.0474,
      "step": 3150
    },
    {
      "epoch": 1.8720725724335834,
      "grad_norm": 0.3682563006877899,
      "learning_rate": 1.9700671960904093e-05,
      "loss": 0.0439,
      "step": 3160
    },
    {
      "epoch": 1.8779968527260946,
      "grad_norm": 0.38534602522850037,
      "learning_rate": 1.878436163714111e-05,
      "loss": 0.04,
      "step": 3170
    },
    {
      "epoch": 1.8839211330186059,
      "grad_norm": 0.23149269819259644,
      "learning_rate": 1.786805131337813e-05,
      "loss": 0.0355,
      "step": 3180
    },
    {
      "epoch": 1.8898454133111173,
      "grad_norm": 0.7937540411949158,
      "learning_rate": 1.6951740989615147e-05,
      "loss": 0.0251,
      "step": 3190
    },
    {
      "epoch": 1.8957696936036286,
      "grad_norm": 0.4656296372413635,
      "learning_rate": 1.6035430665852167e-05,
      "loss": 0.0525,
      "step": 3200
    },
    {
      "epoch": 1.8957696936036286,
      "eval_loss": 0.03882623836398125,
      "eval_runtime": 142.3253,
      "eval_samples_per_second": 7.026,
      "eval_steps_per_second": 0.225,
      "step": 3200
    }
  ],
  "logging_steps": 10,
  "max_steps": 3374,
  "num_input_tokens_seen": 0,
  "num_train_epochs": 2,
  "save_steps": 200,
  "total_flos": 2.3380520107660935e+19,
  "train_batch_size": 16,
  "trial_name": null,
  "trial_params": null
}
